问题,指标,数值
problem1,total_purchase_kwh,59482.69899835391
problem1,total_cost_yuan,35126.948589289634
problem1,charge_kwh,20740.66613168725
problem1,discharge_kwh,16799.939566666668
problem1,pv_consumed_kwh,55482.835666666666
problem1,pv_curtailed_kwh,0.0
problem1,specified_interval_purchase_kwh.10:00-10:10,0.0
problem1,specified_interval_purchase_kwh.12:00-12:10,480.4124499999999
problem1,specified_interval_purchase_kwh.14:00-14:10,0.0
problem1,specified_interval_purchase_kwh.16:00-16:10,445.4316500000001
problem1,specified_interval_purchase_kwh.18:00-18:10,531.8940499999999
problem1,specified_interval_purchase_kwh.20:00-20:10,0.0
problem2,plan_purchase_kwh,23487011.887229472
problem2,emergency_purchase_kwh,340789.536019954
problem2,total_physical_grid_purchase_kwh,23827801.423249427
problem2,normal_cost_yuan,14497122.037546787
problem2,emergency_cost_yuan,2092975.5004497431
problem2,total_cost_yuan,16590097.537996529
problem2,forecast_mae_kwh_per_interval,106.2582660963956
problem2,forecast_rmse_kwh_per_interval,152.98822227628622
problem2,charge_kwh,6013092.10792744
problem2,discharge_kwh,4870604.607421228
problem2,pv_consumed_kwh,15909246.377636423
problem2,pv_curtailed_kwh,3159643.6166469078
problem2,spilled_energy_kwh,4746124.427776546
problem2,emergency_days,108
problem2,max_emergency_interval_kwh,966.5777260714284
problem2,emergency_share_of_grid_purchase,0.014302181303535479
problem2,soc_min_kwh,1200.0
problem2,soc_max_kwh,10800.0
problem2,initial_soc_2025_01_01_kwh,6000.0
problem2,final_soc_2025_12_31_kwh,10800.0
problem2,leakage_detected,False
problem2,mean_strategy.plan_purchase_kwh,19632528.60146378
problem2,mean_strategy.emergency_purchase_kwh,1756175.4131780842
problem2,mean_strategy.total_physical_grid_purchase_kwh,21388704.014641862
problem2,mean_strategy.normal_cost_yuan,11835733.790550552
problem2,mean_strategy.emergency_cost_yuan,10676389.331376705
problem2,mean_strategy.total_cost_yuan,22512123.121927254
problem2,mean_strategy.forecast_mae_kwh_per_interval,89.27653260488323
problem2,mean_strategy.forecast_rmse_kwh_per_interval,122.08906892163951
problem2,selected_alpha_counts.0.60,0
problem2,selected_alpha_counts.0.65,2
problem2,selected_alpha_counts.0.70,27
problem2,selected_alpha_counts.0.75,33
problem2,selected_alpha_counts.0.80,161
problem2,selected_alpha_counts.0.85,90
problem2,selected_alpha_counts.0.90,21
problem2,selected_alpha_counts.0.95,0
problem2,key_dates.2025-03-20.specified_plan_kwh.10:00-10:10,0.0
problem2,key_dates.2025-03-20.specified_plan_kwh.12:00-12:10,595.701504722222
problem2,key_dates.2025-03-20.specified_plan_kwh.14:00-14:10,0.0
problem2,key_dates.2025-03-20.specified_plan_kwh.16:00-16:10,511.58245294394857
problem2,key_dates.2025-03-20.specified_plan_kwh.18:00-18:10,697.5926590922619
problem2,key_dates.2025-03-20.specified_plan_kwh.20:00-20:10,0.0
problem2,key_dates.2025-03-20.daily_plan_kwh,70252.17896622722
problem2,key_dates.2025-03-20.daily_normal_cost_yuan,42577.322153153305
problem2,key_dates.2025-03-20.daily_emergency_cost_yuan,0.0
problem2,key_dates.2025-03-20.charge_by_4h_kwh,"[124.84356340101576, 281.56753265879775, 6291.457016666666, 3332.6282648712913, 254.27635228938635, 10562.169705355098]"
problem2,key_dates.2025-03-20.discharge_by_4h_kwh,"[123.5247198893469, 4969.077345964848, 2777.3772166666668, 364.37577262499985, 5711.486021453712, 2940.182295946657]"
problem2,key_dates.2025-03-20.soc_0000_kwh,10800.0
problem2,key_dates.2025-03-20.soc_2400_kwh,10800.0
problem2,key_dates.2025-03-20.selected_alpha,0.75
problem2,key_dates.2025-03-20.emergency_intervals,[]
problem2,key_dates.2025-06-21.specified_plan_kwh.10:00-10:10,0.0
problem2,key_dates.2025-06-21.specified_plan_kwh.12:00-12:10,722.5704104761904
problem2,key_dates.2025-06-21.specified_plan_kwh.14:00-14:10,0.0
problem2,key_dates.2025-06-21.specified_plan_kwh.16:00-16:10,398.7997745238095
problem2,key_dates.2025-06-21.specified_plan_kwh.18:00-18:10,629.7917773214285
problem2,key_dates.2025-06-21.specified_plan_kwh.20:00-20:10,0.0
problem2,key_dates.2025-06-21.daily_plan_kwh,59489.71690727614
problem2,key_dates.2025-06-21.daily_normal_cost_yuan,35665.209863466946
problem2,key_dates.2025-06-21.daily_emergency_cost_yuan,0.0
problem2,key_dates.2025-06-21.charge_by_4h_kwh,"[0.0, 344.4542499999999, 1778.9457088477373, 0.0, 0.0, 8159.103481040561]"
problem2,key_dates.2025-06-21.discharge_by_4h_kwh,"[0.0, 1719.9539666666665, 0.0, 0.0, 4169.906849999999, 2438.9669696428555]"
problem2,key_dates.2025-06-21.soc_0000_kwh,10800.0
problem2,key_dates.2025-06-21.soc_2400_kwh,10800.0
problem2,key_dates.2025-06-21.selected_alpha,0.9
problem2,key_dates.2025-06-21.emergency_intervals,[]
problem2,key_dates.2025-09-23.specified_plan_kwh.10:00-10:10,0.0
problem2,key_dates.2025-09-23.specified_plan_kwh.12:00-12:10,473.50644477813876
problem2,key_dates.2025-09-23.specified_plan_kwh.14:00-14:10,0.0
problem2,key_dates.2025-09-23.specified_plan_kwh.16:00-16:10,541.2828326547618
problem2,key_dates.2025-09-23.specified_plan_kwh.18:00-18:10,803.3441024285714
problem2,key_dates.2025-09-23.specified_plan_kwh.20:00-20:10,17.999046785714427
problem2,key_dates.2025-09-23.daily_plan_kwh,70396.36752835271
problem2,key_dates.2025-09-23.daily_normal_cost_yuan,43941.43840835424
problem2,key_dates.2025-09-23.daily_emergency_cost_yuan,0.0
problem2,key_dates.2025-09-23.charge_by_4h_kwh,"[0.0, 20.81343839285705, 5336.986613574022, 5416.122975439814, 143.34055768268746, 10226.291525646677]"
problem2,key_dates.2025-09-23.discharge_by_4h_kwh,"[0.0, 6400.459485267638, 1896.6157166666662, 480.41525505952393, 5594.648618869047, 2754.1405638333335]"
problem2,key_dates.2025-09-23.soc_0000_kwh,10800.0
problem2,key_dates.2025-09-23.soc_2400_kwh,10800.0
problem2,key_dates.2025-09-23.selected_alpha,0.8
problem2,key_dates.2025-09-23.emergency_intervals,[]
problem2,key_dates.2025-12-21.specified_plan_kwh.10:00-10:10,0.0
problem2,key_dates.2025-12-21.specified_plan_kwh.12:00-12:10,896.5673321339285
problem2,key_dates.2025-12-21.specified_plan_kwh.14:00-14:10,0.0
problem2,key_dates.2025-12-21.specified_plan_kwh.16:00-16:10,769.2506208511904
problem2,key_dates.2025-12-21.specified_plan_kwh.18:00-18:10,404.2813003544963
problem2,key_dates.2025-12-21.specified_plan_kwh.20:00-20:10,0.0
problem2,key_dates.2025-12-21.daily_plan_kwh,89447.98078533204
problem2,key_dates.2025-12-21.daily_normal_cost_yuan,56127.80833298627
problem2,key_dates.2025-12-21.daily_emergency_cost_yuan,25766.911699374352
problem2,key_dates.2025-12-21.charge_by_4h_kwh,"[106.17854252362713, 845.2789493541666, 5034.087507005952, 7205.68513408365, 0.0, 10578.888108338888]"
problem2,key_dates.2025-12-21.discharge_by_4h_kwh,"[426.873169959401, 2099.0387007211193, 6884.768697740492, 2483.215302011905, 7008.682236160384, 430.69118938707487]"
problem2,key_dates.2025-12-21.soc_0000_kwh,10800.0
problem2,key_dates.2025-12-21.soc_2400_kwh,10711.69608830857
problem2,key_dates.2025-12-21.selected_alpha,0.85
problem2,key_dates.2025-12-21.emergency_intervals,"[{""interval"": ""7:50-8:10"", ""amount_kwh"": 108.4278444553571}, {""interval"": ""9:50-10:50"", ""amount_kwh"": 1699.4083155286073}, {""interval"": ""20:00-20:50"", ""amount_kwh"": 2442.3558359164963}, {""interval"": ""21:10-21:50"", ""amount_kwh"": 81.3700884672619}]"
problem2,key_date_emergency_kwh.2025-03-20,0.0
problem2,key_date_emergency_kwh.2025-06-21,0.0
problem2,key_date_emergency_kwh.2025-09-23,0.0
problem2,key_date_emergency_kwh.2025-12-21,4331.5620843677225
problem3,plan_purchase_kwh,20385219.03615807
problem3,adjusted_purchase_kwh,20813735.535173852
problem3,downward_adjustment_kwh,7.103500453861552e-11
problem3,upward_adjustment_kwh,428516.4990157798
problem3,emergency_purchase_kwh,869434.3904828453
problem3,total_physical_grid_purchase_kwh,21683169.925656695
problem3,plan_cost_yuan,12570533.913786462
problem3,adjustment_cost_yuan,392819.3387540475
problem3,emergency_cost_yuan,3753373.529470091
problem3,total_cost_yuan,16716726.7820106
problem3,charge_kwh,6555795.134833699
problem3,discharge_kwh,5310194.059215296
problem3,pv_consumed_kwh,16570510.639211707
problem3,pv_curtailed_kwh,2498379.3550716266
problem3,key_date_emergency_kwh.2025-03-20,4034.5332000000003
problem3,key_date_emergency_kwh.2025-06-21,1096.665
problem3,key_date_emergency_kwh.2025-09-23,3433.8315833333345
problem3,key_date_emergency_kwh.2025-12-21,2503.7511471666694
problem3,midnight_only_baseline.plan_purchase_kwh,20385219.036158063
problem3,midnight_only_baseline.emergency_purchase_kwh,1156706.402651029
problem3,midnight_only_baseline.total_physical_grid_purchase_kwh,21541925.438809093
problem3,midnight_only_baseline.plan_cost_yuan,12570533.913786465
problem3,midnight_only_baseline.emergency_cost_yuan,4828215.249583785
problem3,midnight_only_baseline.total_cost_yuan,17398749.16337025
problem3,rolling_forecast_benefit.emergency_reduction_kwh,287272.0121681837
problem3,rolling_forecast_benefit.cost_reduction_yuan,682022.3813596517
problem3,rolling_forecast_benefit.cost_reduction_percent,3.919950652518859
problem4_2,plan_purchase_kwh,20236466.06240364
problem4_2,adjusted_purchase_kwh,20236466.06240364
problem4_2,emergency_purchase_kwh,0.0
problem4_2,total_physical_grid_purchase_kwh,20236466.06240364
problem4_2,total_cost_yuan,12782591.808513466
problem4_2,charge_kwh,6885202.511183333
problem4_2,discharge_kwh,5578094.0340585
problem4_2,pv_consumed_kwh,18078721.903971188
problem4_2,pv_curtailed_kwh,990168.0903121457
problem4_2,key_date_emergency_kwh.2025-03-20,0.0
problem4_2,key_date_emergency_kwh.2025-06-21,0.0
problem4_2,key_date_emergency_kwh.2025-09-23,0.0
problem4_2,key_date_emergency_kwh.2025-12-21,0.0
problem4_3,plan_purchase_kwh,20446596.212636225
problem4_3,adjusted_purchase_kwh,20878970.562422797
problem4_3,downward_adjustment_kwh,4.453681867744308e-11
problem4_3,upward_adjustment_kwh,432374.3497865709
problem4_3,emergency_purchase_kwh,870418.762360634
problem4_3,total_physical_grid_purchase_kwh,21749389.32478343
problem4_3,plan_cost_yuan,13137263.413850453
problem4_3,adjustment_cost_yuan,424527.86120644544
problem4_3,emergency_cost_yuan,3857555.1892534755
problem4_3,total_cost_yuan,17419346.464310374
problem4_3,charge_kwh,6863194.085420257
problem4_3,discharge_kwh,5559187.209190409
problem4_3,pv_consumed_kwh,16562697.040696418
problem4_3,pv_curtailed_kwh,2506192.9535869155
problem4_3,key_date_emergency_kwh.2025-03-20,4370.725637166664
problem4_3,key_date_emergency_kwh.2025-06-21,1208.730673500001
problem4_3,key_date_emergency_kwh.2025-09-23,3438.3716833333347
problem4_3,key_date_emergency_kwh.2025-12-21,2504.442728166673
problem4_3,midnight_only_baseline.plan_purchase_kwh,20446596.21263623
problem4_3,midnight_only_baseline.emergency_purchase_kwh,1156706.402651029
problem4_3,midnight_only_baseline.total_physical_grid_purchase_kwh,21603302.61528726
problem4_3,midnight_only_baseline.plan_cost_yuan,13137263.413850442
problem4_3,midnight_only_baseline.emergency_cost_yuan,4991392.604326977
problem4_3,midnight_only_baseline.total_cost_yuan,18128656.01817742
problem4_3,rolling_forecast_benefit.emergency_reduction_kwh,286287.6402903949
problem4_3,rolling_forecast_benefit.cost_reduction_yuan,709309.5538670458
problem4_3,rolling_forecast_benefit.cost_reduction_percent,3.91264279688372
